section,section_title,classification,confidence,audit_finding
1,Identity,Partially Implemented,High confidence,"Mission exists, but repository-facing identity is still primarily Meridian rather than MINCO."
2,Repository Vision,Partially Implemented,High confidence,"The repository contains more than a dashboard, but remains prototype-oriented and result-file driven."
3,Core Problem Statement,Implemented,High confidence,"The modeled problem directly addresses network capacity, transfers, unsafe excess, and demand uncertainty."
4,Stakeholders,Proposed,High confidence,"Stakeholders are documented in the specification but not represented through roles, workflows, or user research."
5,Operational Decisions Supported,Partially Implemented,High confidence,"Transfers, surge capacity, and elective control are supported; staffing, bed assignment, discharge prioritization, and broader scheduling are not."
6,Success Definition,Partially Implemented,High confidence,"Several synthetic outcome metrics are demonstrated, but real operational value and production quality are not validated."
7,Repository Principles,Partially Implemented,High confidence,"Modularity and explainability appear in places; testing, replaceability, configuration, and production discipline are inconsistent."
8,System Objectives,Partially Implemented,High confidence,"Prospective forecasting, scenarios, simulation, and recommendations exist on synthetic instances."
9,System Boundaries,Partially Implemented,High confidence,"The platform does not perform clinical decisions, but it has no real integration layer for EHR/ADT/staffing systems."
10,Target Users,Proposed,High confidence,"Target users are described, but no role-specific authorization, interface validation, or user workflows exist."
11,Decision Intelligence Philosophy,Implemented,High confidence,An end-to-end prototype pipeline from operational inputs to recommendation and monitoring exists.
12,Differentiation,Partially Implemented,High confidence,"Prediction, simulation, optimization, and explanation are combined, but enterprise integration and production readiness are absent."
13,Overall System Architecture,Partially Implemented,High confidence,"Subsystem folders exist, but runtime coupling remains high and the dashboard directly imports analytical code."
14,Platform Modules,Partially Implemented,High confidence,"Prediction, risk, scenarios, simulation, optimization, decision, explanation, dashboard, API, and audit modules exist at uneven maturity; ingestion and observability do not."
15,Architectural Principles,Partially Implemented,High confidence,"Single responsibility is visible in some modules, but empty packages, monolithic dashboard code, and direct imports weaken the architecture."
16,Module Interactions,Partially Implemented,High confidence,"Module interactions exist in code, but stable contracts, schemas, and integration tests are missing."
17,Data Engineering Architecture,Partially Implemented,High confidence,"CSV loading and limited checks exist; no lineage, versioned datasets, feature service, streaming ingestion, or quality monitoring."
18,Predictive Analytics Platform,Implemented,High confidence,Markov and supervised forecasting code and results exist; operational validation is incomplete.
19,Healthcare Digital Twin,Partially Implemented,High confidence,"A stochastic network-state simulator exists, but not continuous state reconstruction or a true event-driven hospital twin."
20,Simulation Engine,Partially Implemented,High confidence,Monte Carlo state-transition simulation exists; discrete-event simulation and historical calibration are absent.
21,Optimization Platform,Implemented,High confidence,A continuous LP and several policy wrappers exist; formal stochastic/robust/multi-objective formulations remain incomplete.
22,Decision Intelligence Engine,Implemented,High confidence,"A policy-scoring and explanation pipeline creates recommendations, assumptions, and trade-off narratives."
23,Software Architecture,Partially Implemented,High confidence,Logical layers are present but not cleanly separated; frontend and command center directly import solver code.
24,Repository Organization,Partially Implemented,High confidence,"A domain-oriented structure exists, but includes empty placeholders, generated files, and result bloat."
25,API Design,Broken,High confidence,The documented FastAPI entry point is incorrect and the target module is empty.
26,AI Copilot Architecture,Partially Implemented,High confidence,"What-if parsing and templated diagnosis exist, but the interface is not a general grounded analytical copilot."
27,Explainability Framework,Implemented,High confidence,"Forecast, policy, sensitivity, and recommendation explanations exist, largely through templates and derived comparisons."
28,Configuration Management,Partially Implemented,High confidence,"Two JSON modes exist, but many thresholds, policy rules, hospital names, and event presets remain hard-coded."
29,Security & Governance,Planned,High confidence,"No authentication, authorization, audit-user identity, secrets management, or encryption configuration is implemented."
30,Observability & Operations,Planned,High confidence,"No service, data, model, optimization, simulation, or copilot monitoring stack is present."
31,Validation Strategy,Partially Implemented,High confidence,"Synthetic experiments, statistical tables, and stored pipeline logs exist; external and operational validation do not."
32,Testing Strategy,Broken,High confidence,The test target exists but the test files are empty and pytest collects no tests.
33,MLOps & Model Lifecycle,Partially Implemented,High confidence,"Model files, CSV registries, and pipeline logs exist; no controlled registry, deployment lifecycle, drift monitoring, rollback, or retraining system."
34,Deployment Strategy,Planned,High confidence,"No container, staging, production, cloud, or rollback deployment implementation is present."
35,DevOps & CI/CD,Planned,High confidence,"No CI/CD workflow, linting gate, static analysis configuration, security scan, or automated release process is present."
36,Observability,Planned,High confidence,Operational observability requirements are not implemented.
37,"Security, Privacy & Governance",Planned,High confidence,Governance is described but no privacy or access-control implementation exists.
38,Documentation Strategy,Partially Implemented,High confidence,"README, architecture, executive summary, resume bullets, and research package exist; data, API, testing, deployment, and user documentation are incomplete."
39,Quality Assurance,Planned,High confidence,No enforceable quality gates or release checklist automation exists.
40,Definition of Version 1.0 Complete,Partially Implemented,High confidence,"Many analytical prototype components exist, but testing, deployment, security, ingestion, observability, and production APIs do not meet the completion definition."
41,Research Contributions,Partially Implemented,High confidence,"Research-oriented experiments and manuscript tables exist, but claims are based on synthetic data and several methods need stronger validation."
42,Portfolio Positioning,Implemented,Medium confidence,"The repository is clearly positioned as the healthcare flagship in documents, though portfolio governance artifacts are not embedded in the archive."
43,Interview Narrative,Implemented,High confidence,"Executive summaries, architecture explanations, and resume bullets support interview narratives."
44,Open Source Strategy,Planned,High confidence,"No license, contribution guide, issue templates, release process, or open-source governance files are present."
45,Commercialization Potential,Proposed,High confidence,"Commercialization is a target only; no multi-tenant, integration, security, or deployment foundation exists."
46,Future Research Directions,Proposed,High confidence,"RL and advanced AI experiments exist, but the listed future capabilities are not production platform features."
47,Long-Term Evolution,Proposed,High confidence,No versioned implementation evolution or release history is present.
48,Engineering Governance,Partially Implemented,Medium confidence,"The specification governs the project conceptually, but repository-level architecture decisions and changes are not consistently recorded."
49,Success Metrics,Partially Implemented,High confidence,"Synthetic technical and decision metrics exist; operational, product, deployment, and user-trust metrics do not."
50,Conclusion,Partially Implemented,High confidence,"The repository demonstrates a substantial prototype, not the enterprise-grade platform described by the conclusion."
